verbatimSRS	reps
\N	708377218
WGS1109	1
WGS1147	1
WGS1185	1
WGS1318	1
WGS1356	1
WGS1394	1
WGS1527	1
WGS1565	1
WGS1736	1
WGS1774	1
WGS179	3
WGS1907	1
WGS1945	1
WGS1983	1
WGS2030	1
WGS2201	1
WGS2410	1
WGS3028	1
WGS3066	1
WGS388	1
WGS559	1
WGS597	1
WGS768	1
WGS939	1
WGS977	1
WGS1148	1
WGS1186	1
WGS1319	1
WGS1357	1
WGS1395	1
WGS1528	1
WGS1566	1
WGS1737	1
WGS1775	1
WGS1908	1
WGS1946	1
WGS1984	1
WGS2031	1
WGS2202	1
WGS2240	1
WGS2411	1
WGS2620	1
WGS3029	1
WGS3067	1
WGS389	1
WGS598	1
WGS769	1
WGS978	1
WGS1149	1
WGS1187	1
WGS1358	1
WGS1396	1
WGS1529	1
WGS1567	1
WGS1738	1
WGS1776	1
WGS1909	1
WGS1947	1
WGS1985	1
WGS2032	1
WGS2070	1
WGS2203	1
WGS2241	1
WGS2412	1
WGS2450	1
WGS2621	1
WGS2830	1
WGS3068	1
WGS599	1
WGS979	1
WGS1188	1
WGS1359	1
WGS1397	1
WGS1568	1
WGS1739	1
WGS1777	1
WGS1948	1
WGS1986	1
WGS200	3
WGS2033	1
WGS2071	1
WGS2204	1
WGS2242	1
WGS2280	1
WGS2413	1
WGS2451	1
WGS2622	1
WGS2660	1
WGS2831	1
WGS3069	1
Desconocido	3030
EPSG:31467	3786
MGRS 5	27264
WGS1189	1
WGS1398	1
WGS1569	1
WGS1778	1
WGS1949	1
WGS1987	1
WGS201	3
WGS2034	1
WGS2072	1
WGS2205	1
WGS2243	1
WGS2281	1
WGS2414	1
WGS2452	1
WGS2490	1
WGS2623	1
WGS2661	1
WGS2832	1
WGS2870	1
WGS410	1
51°39'38.28"N  116°16'2.86"W	1
WGS1399	1
WGS1779	1
WGS1988	1
WGS202	3
WGS2035	1
WGS2073	1
WGS2206	1
WGS2244	1
WGS2282	1
WGS240	3
WGS2415	1
WGS2453	1
WGS2491	1
WGS2624	1
WGS2662	1
WGS2833	1
WGS2871	1
WGS411	1
WGS620	1
WGS1000	1
WGS1989	1
WGS203	3
WGS2036	1
WGS2074	1
WGS2207	1
WGS2245	1
WGS2283	1
WGS241	2
WGS2416	1
WGS2454	1
WGS2492	1
WGS2625	1
WGS2663	1
WGS2834	1
WGS2872	1
WGS412	1
WGS450	1
WGS621	1
WGS830	1
EPSG:23029	316
ETSR89	110296
WGS1001	1
WGS1210	1
WGS2037	1
WGS204	3
WGS2075	1
WGS2208	1
WGS2246	1
WGS2284	1
WGS2417	1
WGS242	2
WGS2455	1
WGS2493	1
WGS2626	1
WGS2664	1
WGS280	2
WGS2835	1
WGS2873	1
WGS413	1
WGS451	1
WGS622	1
WGS660	1
WGS831	1
European 1950	4084
WGS1002	1
WGS1040	1
WGS1211	1
WGS1420	1
WGS1800	1
WGS2038	1
WGS205	3
WGS2076	1
WGS2209	1
WGS2247	1
WGS2285	1
WGS2418	1
WGS243	2
WGS2456	1
WGS2494	1
WGS2627	1
WGS2665	1
WGS281	2
WGS2836	1
WGS2874	1
WGS414	1
WGS452	1
WGS490	1
WGS623	1
WGS661	1
WGS832	1
WGS870	1
WGS1003	1
WGS1041	1
WGS1212	1
WGS1250	1
WGS1421	1
WGS1630	1
WGS1801	1
WGS2039	1
WGS206	3
WGS2077	1
WGS2248	1
WGS2286	1
WGS2419	1
WGS244	2
WGS2457	1
WGS2495	1
WGS2628	1
WGS2666	1
WGS282	2
WGS2837	1
WGS2875	1
WGS415	1
WGS453	1
WGS491	1
WGS624	1
WGS662	1
WGS833	1
WGS871	1
WGS1004	1
WGS1042	1
WGS1080	1
WGS1213	1
WGS1251	1
WGS1422	1
WGS1460	1
WGS1631	1
WGS1802	1
WGS1840	1
WGS207	3
WGS2078	1
WGS2249	1
WGS2287	1
WGS245	2
WGS2458	1
WGS2496	1
WGS2629	1
WGS2667	1
WGS283	2
WGS2838	1
WGS2876	1
WGS416	1
WGS454	1
WGS492	1
WGS625	1
WGS663	1
WGS834	1
WGS872	1
WGS1005	1
WGS1043	1
WGS1081	1
WGS1214	1
WGS1252	1
WGS1290	1
WGS1423	1
WGS1461	1
WGS1632	1
WGS1670	1
WGS1803	1
WGS1841	1
WGS2079	1
WGS208	3
WGS2288	1
WGS2459	1
WGS246	2
WGS2497	1
WGS2668	1
WGS2839	1
WGS284	2
WGS2877	1
WGS417	1
WGS455	1
WGS493	1
WGS626	1
WGS664	1
WGS835	1
WGS873	1
WGS1006	1
WGS1044	1
WGS1082	1
WGS1215	1
WGS1253	1
WGS1291	1
WGS1424	1
WGS1462	1
WGS1633	1
WGS1671	1
WGS1804	1
WGS1842	1
WGS1880	1
WGS209	3
WGS2289	1
WGS247	2
WGS2498	1
WGS2669	1
WGS285	2
WGS2878	1
WGS418	1
WGS456	1
WGS494	1
WGS627	1
WGS665	1
WGS836	1
WGS874	1
WGS1007	1
WGS1045	1
WGS1083	1
WGS1216	1
WGS1254	1
WGS1292	1
WGS1425	1
WGS1463	1
WGS1634	1
WGS1672	1
WGS1805	1
WGS1843	1
WGS1881	1
WGS248	2
WGS2499	1
WGS286	2
WGS2879	1
WGS419	1
WGS457	1
WGS495	1
WGS628	1
WGS666	1
WGS837	1
WGS875	1
WGS1008	1
WGS1046	1
WGS1084	1
WGS1217	1
WGS1255	1
WGS1293	1
WGS1426	1
WGS1464	1
WGS1635	1
WGS1673	1
WGS1806	1
WGS1844	1
WGS1882	1
WGS2100	1
WGS249	2
WGS287	2
WGS458	1
WGS496	1
WGS629	1
WGS667	1
WGS838	1
WGS876	1
WGS1009	1
WGS1047	1
WGS1085	1
WGS1218	1
WGS1256	1
WGS1294	1
WGS1427	1
WGS1465	1
WGS1636	1
WGS1674	1
WGS1807	1
WGS1845	1
WGS1883	1
WGS2101	1
WGS2310	1
WGS288	2
WGS459	1
WGS497	1
WGS668	1
WGS839	1
WGS877	1
WGS1048	1
WGS1086	1
WGS1219	1
WGS1257	1
WGS1295	1
WGS1428	1
WGS1466	1
WGS1637	1
WGS1675	1
WGS1808	1
WGS1846	1
WGS1884	1
WGS2102	1
WGS2140	1
WGS2311	1
WGS2520	1
WGS289	2
WGS2900	1
WGS498	1
WGS669	1
WGS878	1
WGS1049	1
WGS1087	1
WGS1258	1
WGS1296	1
WGS1429	1
WGS1467	1
WGS1638	1
WGS1676	1
WGS1809	1
WGS1847	1
WGS1885	1
WGS2103	1
WGS2141	1
WGS2312	1
WGS2350	1
WGS2521	1
WGS2730	1
WGS2901	1
WGS499	1
WGS879	1
WGS100	3
WGS1088	1
WGS1259	1
WGS1297	1
WGS1468	1
WGS1639	1
WGS1677	1
WGS1848	1
WGS1886	1
WGS2104	1
WGS2142	1
WGS2180	1
WGS2313	1
WGS2351	1
WGS2522	1
WGS2560	1
WGS2731	1
WGS2902	1
WGS2940	1
EPSG:32630	1
WGS101	3
WGS1089	1
WGS1298	1
WGS1469	1
WGS1678	1
WGS1849	1
WGS1887	1
WGS2105	1
WGS2143	1
WGS2181	1
WGS2314	1
WGS2352	1
WGS2390	1
WGS2523	1
WGS2561	1
WGS2732	1
WGS2770	1
WGS2903	1
WGS2941	1
WGS310	1
35.50960 N	1
Belgian Datum 1972	20416
EPSG:32631	2
WGS102	3
WGS1299	1
WGS140	3
WGS1679	1
WGS1888	1
WGS2106	1
WGS2144	1
WGS2182	1
WGS2315	1
WGS2353	1
WGS2391	1
WGS2524	1
WGS2562	1
WGS2733	1
WGS2771	1
WGS2904	1
WGS2942	1
WGS2980	1
WGS311	1
WGS520	1
WGS900	1
WGS103	3
WGS141	3
WGS1889	1
WGS2107	1
WGS2145	1
WGS2183	1
WGS2316	1
WGS2354	1
WGS2392	1
WGS2525	1
WGS2563	1
WGS2734	1
WGS2772	1
WGS2905	1
WGS2943	1
WGS2981	1
WGS312	1
WGS350	1
WGS521	1
WGS730	1
WGS901	1
WGS104	3
WGS1110	1
WGS142	3
WGS180	3
WGS2108	1
WGS2146	1
WGS2184	1
WGS2317	1
WGS2355	1
WGS2393	1
WGS2526	1
WGS2564	1
WGS2735	1
WGS2773	1
WGS2906	1
WGS2944	1
WGS2982	1
WGS313	1
WGS351	1
WGS522	1
WGS560	1
WGS731	1
WGS902	1
WGS940	1
WGS105	3
WGS1111	1
WGS1320	1
WGS143	3
WGS1700	1
WGS181	3
WGS2109	1
WGS2147	1
WGS2185	1
WGS2318	1
WGS2356	1
WGS2394	1
WGS2527	1
WGS2565	1
WGS2736	1
WGS2774	1
WGS2907	1
WGS2945	1
WGS2983	1
WGS3030	1
WGS314	1
WGS352	1
WGS390	1
WGS523	1
WGS561	1
WGS732	1
WGS770	1
WGS903	1
WGS941	1
WGS106	3
WGS1112	1
WGS1150	1
WGS1321	1
WGS144	3
WGS1530	1
WGS1701	1
WGS182	3
WGS1910	1
WGS2148	1
WGS2186	1
WGS2319	1
WGS2357	1
WGS2395	1
WGS2528	1
WGS2566	1
WGS2737	1
WGS2775	1
WGS2908	1
WGS2946	1
WGS2984	1
WGS3031	1
WGS315	1
WGS353	1
WGS391	1
WGS524	1
WGS562	1
WGS733	1
WGS771	1
WGS904	1
WGS942	1
WGS980	1
WGS107	3
WGS1113	1
WGS1151	1
WGS1322	1
WGS1360	1
WGS145	3
WGS1531	1
WGS1702	1
WGS1740	1
WGS183	3
WGS1911	1
WGS2149	1
WGS2187	1
WGS2358	1
WGS2396	1
WGS2529	1
WGS2567	1
WGS2738	1
WGS2776	1
WGS2909	1
WGS2947	1
WGS2985	1
WGS3032	1
WGS3070	1
WGS316	1
WGS354	1
WGS392	1
WGS525	1
WGS563	1
WGS734	1
WGS772	1
WGS905	1
WGS943	1
WGS981	1
WGS108	3
WGS1114	1
WGS1152	1
WGS1190	1
WGS1323	1
WGS1361	1
WGS146	3
WGS1532	1
WGS1570	1
WGS1703	1
WGS1741	1
WGS184	3
WGS1912	1
WGS1950	1
WGS2188	1
WGS2359	1
WGS2397	1
WGS2568	1
WGS2739	1
WGS2777	1
WGS2948	1
WGS2986	1
WGS3033	1
WGS3071	1
WGS317	1
WGS355	1
WGS393	1
WGS526	1
WGS564	1
WGS735	1
WGS773	1
WGS906	1
WGS944	1
WGS982	1
WGS109	3
WGS1115	1
WGS1153	1
WGS1191	1
WGS1324	1
WGS1362	1
WGS147	3
WGS1533	1
WGS1571	1
WGS1704	1
WGS1742	1
WGS1780	1
WGS185	3
WGS1913	1
WGS1951	1
WGS2189	1
WGS2398	1
WGS2569	1
WGS2778	1
WGS2949	1
WGS2987	1
WGS3034	1
WGS3072	1
WGS318	1
WGS356	1
WGS394	1
WGS527	1
WGS565	1
WGS736	1
WGS774	1
WGS907	1
WGS945	1
WGS983	1
WGS1116	1
WGS1154	1
WGS1192	1
WGS1325	1
WGS1363	1
WGS148	3
WGS1534	1
WGS1572	1
WGS1705	1
WGS1743	1
WGS1781	1
WGS186	3
WGS1914	1
WGS1952	1
WGS1990	1
WGS2399	1
WGS2779	1
WGS2988	1
WGS3035	1
WGS3073	1
WGS319	1
WGS357	1
WGS395	1
WGS528	1
WGS566	1
WGS737	1
WGS775	1
WGS908	1
WGS946	1
WGS984	1
EPSG:23030	421
WGS1117	1
WGS1155	1
WGS1193	1
WGS1326	1
WGS1364	1
WGS149	3
WGS1535	1
WGS1573	1
WGS1706	1
WGS1744	1
WGS1782	1
WGS187	3
WGS1915	1
WGS1953	1
WGS1991	1
WGS2000	1
WGS2989	1
WGS3036	1
WGS3074	1
WGS358	1
WGS396	1
WGS529	1
WGS567	1
WGS738	1
WGS776	1
WGS909	1
WGS947	1
WGS985	1
EPSG:23031	15
WGS1118	1
WGS1156	1
WGS1194	1
WGS1327	1
WGS1365	1
WGS1536	1
WGS1574	1
WGS1707	1
WGS1745	1
WGS1783	1
WGS188	3
WGS1916	1
WGS1954	1
WGS1992	1
WGS2001	1
WGS2210	1
WGS3037	1
WGS3075	1
WGS359	1
WGS397	1
WGS568	1
WGS739	1
WGS777	1
WGS948	1
WGS986	1
WGS1119	1
WGS1157	1
WGS1195	1
WGS1328	1
WGS1366	1
WGS1537	1
WGS1575	1
WGS1708	1
WGS1746	1
WGS1784	1
WGS189	3
WGS1917	1
WGS1955	1
WGS1993	1
WGS2002	1
WGS2040	1
WGS2211	1
WGS2420	1
WGS2800	1
WGS3038	1
WGS3076	1
WGS398	1
WGS569	1
WGS778	1
WGS949	1
WGS987	1
WGS1158	1
WGS1196	1
WGS1329	1
WGS1367	1
WGS1538	1
WGS1576	1
WGS1709	1
WGS1747	1
WGS1785	1
WGS1918	1
WGS1956	1
WGS1994	1
WGS2003	1
WGS2041	1
WGS2212	1
WGS2250	1
WGS2421	1
WGS2630	1
WGS2801	1
WGS3039	1
WGS3077	1
WGS399	1
WGS779	1
WGS988	1
WGS1159	1
WGS1197	1
WGS1368	1
WGS1539	1
WGS1577	1
WGS1748	1
WGS1786	1
WGS1919	1
WGS1957	1
WGS1995	1
WGS2004	1
WGS2042	1
WGS2080	1
WGS2213	1
WGS2251	1
WGS2422	1
WGS2460	1
WGS2631	1
WGS2802	1
WGS2840	1
WGS3078	1
WGS989	1
WGS1198	1
WGS1369	1
WGS1578	1
WGS1749	1
WGS1787	1
WGS1958	1
WGS1996	1
WGS2005	1
WGS2043	1
WGS2081	1
WGS210	3
WGS2214	1
WGS2252	1
WGS2290	1
WGS2423	1
WGS2461	1
WGS2632	1
WGS2670	1
WGS2803	1
WGS2841	1
WGS3079	1
Graus decimais	74
WGS1199	1
WGS1579	1
WGS1788	1
WGS1959	1
WGS1997	1
WGS2006	1
WGS2044	1
WGS2082	1
WGS211	3
WGS2215	1
WGS2253	1
WGS2291	1
WGS2424	1
WGS2462	1
WGS2633	1
WGS2671	1
WGS2804	1
WGS2842	1
WGS2880	1
WGS420	1
WGS800	1
WGS84	2191198
WGS1789	1
WGS1998	1
WGS2007	1
WGS2045	1
WGS2083	1
WGS212	3
WGS2216	1
WGS2254	1
WGS2292	1
WGS2425	1
WGS2463	1
WGS250	2
WGS2634	1
WGS2672	1
WGS2805	1
WGS2843	1
WGS2881	1
WGS421	1
WGS630	1
WGS801	1
WGS85	5
34.13280 N	1
WGS 84	1383
WGS1010	1
WGS1999	1
WGS2008	1
WGS2046	1
WGS2084	1
WGS213	3
WGS2217	1
WGS2255	1
WGS2293	1
WGS2426	1
WGS2464	1
WGS251	2
WGS2635	1
WGS2673	1
WGS2806	1
WGS2844	1
WGS2882	1
WGS422	1
WGS460	1
WGS631	1
WGS802	1
WGS840	1
WGS86	5
WGS1011	1
WGS1220	1
WGS1600	1
WGS2009	1
WGS2047	1
WGS2085	1
WGS214	3
WGS2218	1
WGS2256	1
WGS2294	1
WGS2427	1
WGS2465	1
WGS252	2
WGS2636	1
WGS2674	1
WGS2807	1
WGS2845	1
WGS2883	1
WGS290	2
WGS423	1
WGS461	1
WGS632	1
WGS670	1
WGS803	1
WGS841	1
WGS87	5
WGS1012	1
WGS1050	1
WGS1221	1
WGS1430	1
WGS1601	1
WGS1810	1
WGS2048	1
WGS2086	1
WGS215	3
WGS2219	1
WGS2257	1
WGS2295	1
WGS2428	1
WGS2466	1
WGS253	2
WGS2637	1
WGS2675	1
WGS2808	1
WGS2846	1
WGS2884	1
WGS291	2
WGS424	1
WGS462	1
WGS633	1
WGS671	1
WGS804	1
WGS842	1
WGS88	4
WGS880	1
WGS1013	1
WGS1051	1
WGS1222	1
WGS1260	1
WGS1431	1
WGS1602	1
WGS1640	1
WGS1811	1
WGS2049	1
WGS2087	1
WGS216	3
WGS2258	1
WGS2296	1
WGS2429	1
WGS2467	1
WGS254	2
WGS2638	1
WGS2676	1
WGS2809	1
WGS2847	1
WGS2885	1
WGS292	2
WGS425	1
WGS463	1
WGS634	1
WGS672	1
WGS805	1
WGS843	1
WGS881	1
WGS89	3
WGS1014	1
WGS1052	1
WGS1090	1
WGS1223	1
WGS1261	1
WGS1432	1
WGS1470	1
WGS1603	1
WGS1641	1
WGS1812	1
WGS1850	1
WGS2088	1
WGS217	3
WGS2259	1
WGS2297	1
WGS2468	1
WGS255	2
WGS2639	1
WGS2677	1
WGS2848	1
WGS2886	1
WGS293	2
WGS426	1
WGS464	1
WGS635	1
WGS673	1
WGS806	1
WGS844	1
WGS882	1
not recorded	9
WGS1015	1
WGS1053	1
WGS1091	1
WGS1224	1
WGS1262	1
WGS1433	1
WGS1471	1
WGS1604	1
WGS1642	1
WGS1680	1
WGS1813	1
WGS1851	1
WGS2089	1
WGS218	3
WGS2298	1
WGS2469	1
WGS256	2
WGS2678	1
WGS2849	1
WGS2887	1
WGS294	2
WGS427	1
WGS465	1
WGS636	1
WGS674	1
WGS807	1
WGS845	1
WGS883	1
NA	212302
WGS1016	1
WGS1054	1
WGS1092	1
WGS1225	1
WGS1263	1
WGS1434	1
WGS1472	1
WGS1605	1
WGS1643	1
WGS1681	1
WGS1814	1
WGS1852	1
WGS1890	1
WGS219	3
WGS2299	1
WGS257	2
WGS2679	1
WGS2888	1
WGS295	2
WGS428	1
WGS466	1
WGS637	1
WGS675	1
WGS808	1
WGS846	1
WGS884	1
Córrego Alegre	2
NAD 27	24
WGS1017	1
WGS1055	1
WGS1093	1
WGS1226	1
WGS1264	1
WGS1435	1
WGS1473	1
WGS1606	1
WGS1644	1
WGS1682	1
WGS1815	1
WGS1853	1
WGS1891	1
WGS258	2
WGS2889	1
WGS296	2
WGS429	1
WGS467	1
WGS638	1
WGS676	1
WGS809	1
WGS847	1
WGS885	1
WGS1018	1
WGS1056	1
WGS1094	1
WGS1227	1
WGS1265	1
WGS1436	1
WGS1474	1
WGS1607	1
WGS1645	1
WGS1683	1
WGS1816	1
WGS1854	1
WGS1892	1
WGS2110	1
WGS259	2
WGS297	2
WGS468	1
WGS639	1
WGS677	1
WGS848	1
WGS886	1
Lisboa	1505
WGS1019	1
WGS1057	1
WGS1095	1
WGS1228	1
WGS1266	1
WGS1437	1
WGS1475	1
WGS1608	1
WGS1646	1
WGS1684	1
WGS1817	1
WGS1855	1
WGS1893	1
WGS2111	1
WGS2320	1
WGS2700	1
WGS298	2
WGS469	1
WGS678	1
WGS849	1
WGS887	1
WGS1058	1
WGS1096	1
WGS1229	1
WGS1267	1
WGS1438	1
WGS1476	1
WGS1609	1
WGS1647	1
WGS1685	1
WGS1818	1
WGS1856	1
WGS1894	1
WGS2112	1
WGS2150	1
WGS2321	1
WGS2530	1
WGS2701	1
WGS2910	1
WGS299	2
WGS679	1
WGS888	1
NAD83	13824
WGS1059	1
WGS1097	1
WGS1268	1
WGS1439	1
WGS1477	1
WGS1648	1
WGS1686	1
WGS1819	1
WGS1857	1
WGS1895	1
WGS2113	1
WGS2151	1
WGS2322	1
WGS2360	1
WGS2531	1
WGS2702	1
WGS2740	1
WGS2911	1
WGS889	1
NAD84	1
WGS1098	1
WGS110	3
WGS1269	1
WGS1478	1
WGS1649	1
WGS1687	1
WGS1858	1
WGS1896	1
WGS2114	1
WGS2152	1
WGS2190	1
WGS2323	1
WGS2361	1
WGS2532	1
WGS2570	1
WGS2703	1
WGS2741	1
WGS2912	1
WGS2950	1
wgs84	701
WGS1099	1
WGS111	3
WGS1479	1
WGS1688	1
WGS1859	1
WGS1897	1
WGS2115	1
WGS2153	1
WGS2191	1
WGS2324	1
WGS2362	1
WGS2533	1
WGS2571	1
WGS2704	1
WGS2742	1
WGS2780	1
WGS2913	1
WGS2951	1
WGS320	1
WGS700	1
WGS112	3
WGS150	3
WGS1689	1
WGS1898	1
WGS2116	1
WGS2154	1
WGS2192	1
WGS2325	1
WGS2363	1
WGS2534	1
WGS2572	1
WGS2705	1
WGS2743	1
WGS2781	1
WGS2914	1
WGS2952	1
WGS2990	1
WGS321	1
WGS530	1
WGS701	1
WGS910	1
35.95800 N	1
53.530190, -113.520805	1
WGS113	3
WGS151	3
WGS1899	1
WGS2117	1
WGS2155	1
WGS2193	1
WGS2326	1
WGS2364	1
WGS2535	1
WGS2573	1
WGS2706	1
WGS2744	1
WGS2782	1
WGS2915	1
WGS2953	1
WGS2991	1
WGS3000	1
WGS322	1
WGS360	1
WGS531	1
WGS702	1
WGS740	1
WGS911	1
Belgium Datum 1972	500485
WGS1120	1
WGS114	3
WGS1500	1
WGS152	3
WGS190	3
WGS2118	1
WGS2156	1
WGS2194	1
WGS2327	1
WGS2365	1
WGS2536	1
WGS2574	1
WGS2707	1
WGS2745	1
WGS2783	1
WGS2916	1
WGS2954	1
WGS2992	1
WGS3001	1
WGS323	1
WGS361	1
WGS532	1
WGS570	1
WGS703	1
WGS741	1
WGS912	1
WGS950	1
PROJCS["OSGB 1936 / British National Grid",GEOGCS["OSGB 1936",DATUM["OSGB_1936",SPHEROID["Airy 1830",6377563.396,299.3249646,AUTHORITY["EPSG","7001"]],AUTHORITY["EPSG","6277"]],PRIMEM["Greenwich",0,AUTHORITY["EPSG","8901"]],UNIT["degree",0.017453292519943	42517
WGS1121	1
WGS115	3
WGS1330	1
WGS1501	1
WGS153	3
WGS1710	1
WGS191	3
WGS2119	1
WGS2157	1
WGS2195	1
WGS2328	1
WGS2366	1
WGS2537	1
WGS2575	1
WGS2708	1
WGS2746	1
WGS2784	1
WGS2917	1
WGS2955	1
WGS2993	1
WGS3002	1
WGS3040	1
WGS324	1
WGS362	1
WGS533	1
WGS571	1
WGS704	1
WGS742	1
WGS780	1
WGS913	1
WGS951	1
EPSG:25829	3
WGS1122	1
WGS116	3
WGS1160	1
WGS1331	1
WGS1502	1
WGS154	3
WGS1540	1
WGS1711	1
WGS192	3
WGS1920	1
WGS2158	1
WGS2196	1
WGS2329	1
WGS2367	1
WGS2538	1
WGS2576	1
WGS2709	1
WGS2747	1
WGS2785	1
WGS2918	1
WGS2956	1
WGS2994	1
WGS3003	1
WGS3041	1
WGS325	1
WGS363	1
WGS534	1
WGS572	1
WGS705	1
WGS743	1
WGS781	1
WGS914	1
WGS952	1
WGS990	1
NAD27 CONUS	2
WGS1123	1
WGS1161	1
WGS117	3
WGS1332	1
WGS1370	1
WGS1503	1
WGS1541	1
WGS155	3
WGS1712	1
WGS1750	1
WGS1921	1
WGS193	3
WGS2159	1
WGS2197	1
WGS2368	1
WGS2539	1
WGS2577	1
WGS2748	1
WGS2786	1
WGS2919	1
WGS2957	1
WGS2995	1
WGS3004	1
WGS3042	1
WGS3080	1
WGS326	1
WGS364	1
WGS535	1
WGS573	1
WGS706	1
WGS744	1
WGS782	1
WGS915	1
WGS953	1
WGS991	1
BD72	57993
WGS1124	1
WGS1162	1
WGS118	3
WGS1333	1
WGS1371	1
WGS1504	1
WGS1542	1
WGS156	3
WGS1580	1
WGS1713	1
WGS1751	1
WGS1922	1
WGS194	3
WGS1960	1
WGS2198	1
WGS2369	1
WGS2578	1
WGS2749	1
WGS2787	1
WGS2958	1
WGS2996	1
WGS3005	1
WGS3043	1
WGS327	1
WGS365	1
WGS536	1
WGS574	1
WGS707	1
WGS745	1
WGS783	1
WGS916	1
WGS954	1
WGS992	1
WGS1125	1
WGS1163	1
WGS119	3
WGS1334	1
WGS1372	1
WGS1505	1
WGS1543	1
WGS157	3
WGS1581	1
WGS1714	1
WGS1752	1
WGS1790	1
WGS1923	1
WGS195	3
WGS1961	1
WGS2199	1
WGS2579	1
WGS2788	1
WGS2959	1
WGS2997	1
WGS3006	1
WGS3044	1
WGS328	1
WGS366	1
WGS537	1
WGS575	1
WGS708	1
WGS746	1
WGS784	1
WGS917	1
WGS955	1
WGS993	1
WGS1126	1
WGS1164	1
WGS1335	1
WGS1373	1
WGS1506	1
WGS1544	1
WGS158	3
WGS1582	1
WGS1715	1
WGS1753	1
WGS1791	1
WGS1924	1
WGS196	3
WGS1962	1
WGS2789	1
WGS2998	1
WGS3007	1
WGS3045	1
WGS329	1
WGS367	1
WGS538	1
WGS576	1
WGS709	1
WGS747	1
WGS785	1
WGS918	1
WGS956	1
WGS994	1
WGS1127	1
WGS1165	1
WGS1336	1
WGS1374	1
WGS1507	1
WGS1545	1
WGS1583	1
WGS159	3
WGS1716	1
WGS1754	1
WGS1792	1
WGS1925	1
WGS1963	1
WGS197	3
WGS2010	1
WGS2999	1
WGS3008	1
WGS3046	1
WGS368	1
WGS539	1
WGS577	1
WGS748	1
WGS786	1
WGS919	1
WGS957	1
WGS995	1
Macedonian Grid	2
WGS1128	1
WGS1166	1
WGS1337	1
WGS1375	1
WGS1508	1
WGS1546	1
WGS1584	1
WGS1717	1
WGS1755	1
WGS1793	1
WGS1926	1
WGS1964	1
WGS198	3
WGS2011	1
WGS2220	1
WGS2600	1
WGS3009	1
WGS3047	1
WGS369	1
WGS578	1
WGS749	1
WGS787	1
WGS958	1
WGS996	1
ED50	330046
WGS1129	1
WGS1167	1
WGS1338	1
WGS1376	1
WGS1509	1
WGS1547	1
WGS1585	1
WGS1718	1
WGS1756	1
WGS1794	1
WGS1927	1
WGS1965	1
WGS199	3
WGS2012	1
WGS2050	1
WGS2221	1
WGS2430	1
WGS2601	1
WGS2810	1
WGS3048	1
WGS579	1
WGS788	1
WGS90	3
WGS959	1
WGS997	1
WGS1168	1
WGS1339	1
WGS1377	1
WGS1548	1
WGS1586	1
WGS1719	1
WGS1757	1
WGS1795	1
WGS1928	1
WGS1966	1
WGS2013	1
WGS2051	1
WGS2222	1
WGS2260	1
WGS2431	1
WGS2602	1
WGS2640	1
WGS2811	1
WGS3049	1
WGS789	1
WGS91	3
WGS998	1
(wgs84)	6278
WGS1169	1
WGS1378	1
WGS1549	1
WGS1587	1
WGS1758	1
WGS1796	1
WGS1929	1
WGS1967	1
WGS2014	1
WGS2052	1
WGS2090	1
WGS2223	1
WGS2261	1
WGS2432	1
WGS2470	1
WGS2603	1
WGS2641	1
WGS2812	1
WGS2850	1
WGS92	3
WGS999	1
WGS1379	1
WGS1588	1
WGS1759	1
WGS1797	1
WGS1968	1
WGS2015	1
WGS2053	1
WGS2091	1
WGS220	3
WGS2224	1
WGS2262	1
WGS2433	1
WGS2471	1
WGS2604	1
WGS2642	1
WGS2680	1
WGS2813	1
WGS2851	1
WGS600	1
WGS93	3
WGS1589	1
WGS1798	1
WGS1969	1
WGS2016	1
WGS2054	1
WGS2092	1
WGS221	3
WGS2225	1
WGS2263	1
WGS2434	1
WGS2472	1
WGS2605	1
WGS2643	1
WGS2681	1
WGS2814	1
WGS2852	1
WGS2890	1
WGS430	1
WGS601	1
WGS810	1
WGS94	3
WGS1799	1
WGS2017	1
WGS2055	1
WGS2093	1
WGS222	3
WGS2226	1
WGS2264	1
WGS2435	1
WGS2473	1
WGS260	2
WGS2606	1
WGS2644	1
WGS2682	1
WGS2815	1
WGS2853	1
WGS2891	1
WGS431	1
WGS602	1
WGS640	1
WGS811	1
WGS95	3
WGS1020	1
WGS1400	1
WGS2018	1
WGS2056	1
WGS2094	1
WGS2227	1
WGS223	3
WGS2265	1
WGS2436	1
WGS2474	1
WGS2607	1
WGS261	2
WGS2645	1
WGS2683	1
WGS2816	1
WGS2854	1
WGS2892	1
WGS432	1
WGS470	1
WGS603	1
WGS641	1
WGS812	1
WGS850	1
WGS96	3
WGS1021	1
WGS1230	1
WGS1401	1
WGS1610	1
WGS2019	1
WGS2057	1
WGS2095	1
WGS2228	1
WGS224	3
WGS2266	1
WGS2437	1
WGS2475	1
WGS2608	1
WGS262	2
WGS2646	1
WGS2684	1
WGS2817	1
WGS2855	1
WGS2893	1
WGS433	1
WGS471	1
WGS604	1
WGS642	1
WGS680	1
WGS813	1
WGS851	1
WGS97	3
NAD83/WGS84	43
WGS1022	1
WGS1060	1
WGS1231	1
WGS1402	1
WGS1440	1
WGS1611	1
WGS1820	1
WGS2058	1
WGS2096	1
WGS2229	1
WGS225	3
WGS2267	1
WGS2438	1
WGS2476	1
WGS2609	1
WGS263	2
WGS2647	1
WGS2685	1
WGS2818	1
WGS2856	1
WGS2894	1
WGS434	1
WGS472	1
WGS605	1
WGS643	1
WGS681	1
WGS814	1
WGS852	1
WGS890	1
WGS98	3
WGS1023	1
WGS1061	1
WGS1232	1
WGS1270	1
WGS1403	1
WGS1441	1
WGS1612	1
WGS1650	1
WGS1821	1
WGS2059	1
WGS2097	1
WGS226	3
WGS2268	1
WGS2439	1
WGS2477	1
WGS264	2
WGS2648	1
WGS2686	1
WGS2819	1
WGS2857	1
WGS2895	1
WGS435	1
WGS473	1
WGS606	1
WGS644	1
WGS682	1
WGS815	1
WGS853	1
WGS891	1
WGS99	3
Urticales	1
WGS1024	1
WGS1062	1
WGS1233	1
WGS1271	1
WGS1404	1
WGS1442	1
WGS1480	1
WGS1613	1
WGS1651	1
WGS1822	1
WGS1860	1
WGS2098	1
WGS2269	1
WGS227	3
WGS2478	1
WGS2649	1
WGS265	2
WGS2687	1
WGS2858	1
WGS2896	1
WGS436	1
WGS474	1
WGS607	1
WGS645	1
WGS683	1
WGS816	1
WGS854	1
WGS892	1
WGS1025	1
WGS1063	1
WGS1234	1
WGS1272	1
WGS1405	1
WGS1443	1
WGS1481	1
WGS1614	1
WGS1652	1
WGS1690	1
WGS1823	1
WGS1861	1
WGS2099	1
WGS228	3
WGS2479	1
WGS266	2
WGS2688	1
WGS2859	1
WGS2897	1
WGS437	1
WGS475	1
WGS608	1
WGS646	1
WGS684	1
WGS817	1
WGS855	1
WGS893	1
WGS1026	1
WGS1064	1
WGS1235	1
WGS1273	1
WGS1406	1
WGS1444	1
WGS1482	1
WGS1615	1
WGS1653	1
WGS1691	1
WGS1824	1
WGS1862	1
WGS229	3
WGS267	2
WGS2689	1
WGS2898	1
WGS438	1
WGS476	1
WGS609	1
WGS647	1
WGS685	1
WGS818	1
WGS856	1
WGS894	1
desconocido	5829
WGS1027	1
WGS1065	1
WGS1236	1
WGS1274	1
WGS1407	1
WGS1445	1
WGS1483	1
WGS1616	1
WGS1654	1
WGS1692	1
WGS1825	1
WGS1863	1
WGS268	2
WGS2899	1
WGS439	1
WGS477	1
WGS648	1
WGS686	1
WGS819	1
WGS857	1
WGS895	1
WGS1028	1
WGS1066	1
WGS1237	1
WGS1275	1
WGS1408	1
WGS1446	1
WGS1484	1
WGS1617	1
WGS1655	1
WGS1693	1
WGS1826	1
WGS1864	1
WGS2120	1
WGS2500	1
WGS269	2
WGS478	1
WGS649	1
WGS687	1
WGS858	1
WGS896	1
unknown	480187
EPSG:25830	25
WGS1029	1
WGS1067	1
WGS1238	1
WGS1276	1
WGS1409	1
WGS1447	1
WGS1485	1
WGS1618	1
WGS1656	1
WGS1694	1
WGS1827	1
WGS1865	1
WGS2121	1
WGS2330	1
WGS2501	1
WGS2710	1
WGS479	1
WGS688	1
WGS859	1
WGS897	1
WGS1068	1
WGS1239	1
WGS1277	1
WGS1448	1
WGS1486	1
WGS1619	1
WGS1657	1
WGS1695	1
WGS1828	1
WGS1866	1
WGS2122	1
WGS2160	1
WGS2331	1
WGS2502	1
WGS2540	1
WGS2711	1
WGS2920	1
WGS689	1
WGS898	1
WGS1069	1
WGS1278	1
WGS1449	1
WGS1487	1
WGS1658	1
WGS1696	1
WGS1829	1
WGS1867	1
WGS2123	1
WGS2161	1
WGS2332	1
WGS2370	1
WGS2503	1
WGS2541	1
WGS2712	1
WGS2750	1
WGS2921	1
WGS899	1
Unknown	16
WGS120	3
WGS1279	1
WGS1488	1
WGS1659	1
WGS1697	1
WGS1868	1
WGS2124	1
WGS2162	1
WGS2333	1
WGS2371	1
WGS2504	1
WGS2542	1
WGS2580	1
WGS2713	1
WGS2751	1
WGS2922	1
WGS2960	1
WGS500	1
WGS121	3
WGS1489	1
WGS1698	1
WGS1869	1
WGS2125	1
WGS2163	1
WGS2334	1
WGS2372	1
WGS2505	1
WGS2543	1
WGS2581	1
WGS2714	1
WGS2752	1
WGS2790	1
WGS2923	1
WGS2961	1
WGS330	1
WGS501	1
WGS710	1
S42W	1
WGS122	3
WGS160	3
WGS1699	1
WGS2126	1
WGS2164	1
WGS2335	1
WGS2373	1
WGS2506	1
WGS2544	1
WGS2582	1
WGS2715	1
WGS2753	1
WGS2791	1
WGS2924	1
WGS2962	1
WGS331	1
WGS502	1
WGS540	1
WGS711	1
WGS920	1
WGS123	3
WGS1300	1
WGS161	3
WGS2127	1
WGS2165	1
WGS2336	1
WGS2374	1
WGS2507	1
WGS2545	1
WGS2583	1
WGS2716	1
WGS2754	1
WGS2792	1
WGS2925	1
WGS2963	1
WGS3010	1
WGS332	1
WGS370	1
WGS503	1
WGS541	1
WGS712	1
WGS750	1
WGS921	1
GRB36	18
WGS1130	1
WGS124	3
WGS1301	1
WGS1510	1
WGS162	3
WGS2128	1
WGS2166	1
WGS2337	1
WGS2375	1
WGS2508	1
WGS2546	1
WGS2584	1
WGS2717	1
WGS2755	1
WGS2793	1
WGS2926	1
WGS2964	1
WGS3011	1
WGS333	1
WGS371	1
WGS504	1
WGS542	1
WGS580	1
WGS713	1
WGS751	1
WGS922	1
WGS960	1
WGS1131	1
WGS125	3
WGS1302	1
WGS1340	1
WGS1511	1
WGS163	3
WGS1720	1
WGS2129	1
WGS2167	1
WGS2338	1
WGS2376	1
WGS2509	1
WGS2547	1
WGS2585	1
WGS2718	1
WGS2756	1
WGS2794	1
WGS2927	1
WGS2965	1
WGS3012	1
WGS3050	1
WGS334	1
WGS372	1
WGS505	1
WGS543	1
WGS581	1
WGS714	1
WGS752	1
WGS790	1
WGS923	1
WGS961	1
WGS-84	103
WGS1132	1
WGS1170	1
WGS126	3
WGS1303	1
WGS1341	1
WGS1512	1
WGS1550	1
WGS164	3
WGS1721	1
WGS1930	1
WGS2168	1
WGS2339	1
WGS2377	1
WGS2548	1
WGS2586	1
WGS2719	1
WGS2757	1
WGS2795	1
WGS2928	1
WGS2966	1
WGS3013	1
WGS3051	1
WGS335	1
WGS373	1
WGS506	1
WGS544	1
WGS582	1
WGS715	1
WGS753	1
WGS791	1
WGS924	1
WGS962	1
WGS-85	1
WGS1133	1
WGS1171	1
WGS127	3
WGS1304	1
WGS1342	1
WGS1380	1
WGS1513	1
WGS1551	1
WGS165	3
WGS1722	1
WGS1760	1
WGS1931	1
WGS2169	1
WGS2378	1
WGS2549	1
WGS2587	1
WGS2758	1
WGS2796	1
WGS2929	1
WGS2967	1
WGS3014	1
WGS3052	1
WGS336	1
WGS374	1
WGS507	1
WGS545	1
WGS583	1
WGS716	1
WGS754	1
WGS792	1
WGS925	1
WGS963	1
WGS1134	1
WGS1172	1
WGS128	3
WGS1305	1
WGS1343	1
WGS1381	1
WGS1514	1
WGS1552	1
WGS1590	1
WGS166	3
WGS1723	1
WGS1761	1
WGS1932	1
WGS1970	1
WGS2379	1
WGS2588	1
WGS2759	1
WGS2797	1
WGS2968	1
WGS3015	1
WGS3053	1
WGS337	1
WGS375	1
WGS508	1
WGS546	1
WGS584	1
WGS717	1
WGS755	1
WGS793	1
WGS926	1
WGS964	1
World Geodetic System of 1984	380
WGS1135	1
WGS1173	1
WGS129	3
WGS1306	1
WGS1344	1
WGS1382	1
WGS1515	1
WGS1553	1
WGS1591	1
WGS167	3
WGS1724	1
WGS1762	1
WGS1933	1
WGS1971	1
WGS2589	1
WGS2798	1
WGS2969	1
WGS3016	1
WGS3054	1
WGS338	1
WGS376	1
WGS509	1
WGS547	1
WGS585	1
WGS718	1
WGS756	1
WGS794	1
WGS927	1
WGS965	1
WGS1136	1
WGS1174	1
WGS1307	1
WGS1345	1
WGS1383	1
WGS1516	1
WGS1554	1
WGS1592	1
WGS168	3
WGS1725	1
WGS1763	1
WGS1934	1
WGS1972	1
WGS2799	1
WGS3017	1
WGS3055	1
WGS339	1
WGS377	1
WGS548	1
WGS586	1
WGS719	1
WGS757	1
WGS795	1
WGS928	1
WGS966	1
WGS1137	1
WGS1175	1
WGS1308	1
WGS1346	1
WGS1384	1
WGS1517	1
WGS1555	1
WGS1593	1
WGS169	3
WGS1726	1
WGS1764	1
WGS1935	1
WGS1973	1
WGS2020	1
WGS2400	1
WGS3018	1
WGS3056	1
WGS378	1
WGS549	1
WGS587	1
WGS758	1
WGS796	1
WGS929	1
WGS967	1
WGS1138	1
WGS1176	1
WGS1309	1
WGS1347	1
WGS1385	1
WGS1518	1
WGS1556	1
WGS1594	1
WGS1727	1
WGS1765	1
WGS1936	1
WGS1974	1
WGS2021	1
WGS2230	1
WGS2401	1
WGS2610	1
WGS3019	1
WGS3057	1
WGS379	1
WGS588	1
WGS759	1
WGS797	1
WGS968	1
WGS1139	1
WGS1177	1
WGS1348	1
WGS1386	1
WGS1519	1
WGS1557	1
WGS1595	1
WGS1728	1
WGS1766	1
WGS1937	1
WGS1975	1
WGS2022	1
WGS2060	1
WGS2231	1
WGS2402	1
WGS2440	1
WGS2611	1
WGS2820	1
WGS3058	1
WGS589	1
WGS798	1
WGS969	1
WGS1178	1
WGS1349	1
WGS1387	1
WGS1558	1
WGS1596	1
WGS1729	1
WGS1767	1
WGS1938	1
WGS1976	1
WGS2023	1
WGS2061	1
WGS2232	1
WGS2270	1
WGS2403	1
WGS2441	1
WGS2612	1
WGS2650	1
WGS2821	1
WGS3059	1
WGS799	1
UTM83	2
WGS1179	1
WGS1388	1
WGS1559	1
WGS1597	1
WGS1768	1
WGS1939	1
WGS1977	1
WGS2024	1
WGS2062	1
WGS2233	1
WGS2271	1
WGS2404	1
WGS2442	1
WGS2480	1
WGS2613	1
WGS2651	1
WGS2822	1
WGS2860	1
WGS400	1
WGS1389	1
WGS1598	1
WGS1769	1
WGS1978	1
WGS2025	1
WGS2063	1
WGS2234	1
WGS2272	1
WGS230	3
WGS2405	1
WGS2443	1
WGS2481	1
WGS2614	1
WGS2652	1
WGS2690	1
WGS2823	1
WGS2861	1
WGS401	1
WGS610	1
WGS1599	1
WGS1979	1
WGS2026	1
WGS2064	1
WGS2235	1
WGS2273	1
WGS231	3
WGS2406	1
WGS2444	1
WGS2482	1
WGS2615	1
WGS2653	1
WGS2691	1
WGS2824	1
WGS2862	1
WGS402	1
WGS440	1
WGS611	1
WGS820	1
35.82000 N	2
WGS1200	1
WGS2027	1
WGS2065	1
WGS2236	1
WGS2274	1
WGS232	3
WGS2407	1
WGS2445	1
WGS2483	1
WGS2616	1
WGS2654	1
WGS2692	1
WGS270	2
WGS2825	1
WGS2863	1
WGS403	1
WGS441	1
WGS612	1
WGS650	1
WGS821	1
WGS1030	1
WGS1201	1
WGS1410	1
WGS2028	1
WGS2066	1
WGS2237	1
WGS2275	1
WGS233	3
WGS2408	1
WGS2446	1
WGS2484	1
WGS2617	1
WGS2655	1
WGS2693	1
WGS271	2
WGS2826	1
WGS2864	1
WGS404	1
WGS442	1
WGS480	1
WGS613	1
WGS651	1
WGS822	1
WGS860	1
EUREF 89	3947
WGS1031	1
WGS1202	1
WGS1240	1
WGS1411	1
WGS1620	1
WGS2029	1
WGS2067	1
WGS2238	1
WGS2276	1
WGS234	3
WGS2409	1
WGS2447	1
WGS2485	1
WGS2618	1
WGS2656	1
WGS2694	1
WGS272	2
WGS2827	1
WGS2865	1
WGS405	1
WGS443	1
WGS481	1
WGS614	1
WGS652	1
WGS690	1
WGS823	1
WGS861	1
WGS1032	1
WGS1070	1
WGS1203	1
WGS1241	1
WGS1412	1
WGS1450	1
WGS1621	1
WGS1830	1
WGS2068	1
WGS2239	1
WGS2277	1
WGS235	3
WGS2448	1
WGS2486	1
WGS2619	1
WGS2657	1
WGS2695	1
WGS273	2
WGS2828	1
WGS2866	1
WGS406	1
WGS444	1
WGS482	1
WGS615	1
WGS653	1
WGS691	1
WGS824	1
WGS862	1
WGS1033	1
WGS1071	1
WGS1204	1
WGS1242	1
WGS1280	1
WGS1413	1
WGS1451	1
WGS1622	1
WGS1660	1
WGS1831	1
WGS2069	1
WGS2278	1
WGS236	3
WGS2449	1
WGS2487	1
WGS2658	1
WGS2696	1
WGS274	2
WGS2829	1
WGS2867	1
WGS407	1
WGS445	1
WGS483	1
WGS616	1
WGS654	1
WGS692	1
WGS825	1
WGS84/NAD83	75
WGS863	1
WGS1034	1
WGS1072	1
WGS1205	1
WGS1243	1
WGS1281	1
WGS1414	1
WGS1452	1
WGS1490	1
WGS1623	1
WGS1661	1
WGS1832	1
WGS1870	1
WGS2279	1
WGS237	3
WGS2488	1
WGS2659	1
WGS2697	1
WGS275	2
WGS2868	1
WGS408	1
WGS446	1
WGS484	1
WGS617	1
WGS655	1
WGS693	1
WGS826	1
WGS864	1
NAD 83	6465
WGS1035	1
WGS1073	1
WGS1206	1
WGS1244	1
WGS1282	1
WGS1415	1
WGS1453	1
WGS1491	1
WGS1624	1
WGS1662	1
WGS1833	1
WGS1871	1
WGS238	3
WGS2489	1
WGS2698	1
WGS276	2
WGS2869	1
WGS409	1
WGS447	1
WGS485	1
WGS618	1
WGS656	1
WGS694	1
WGS827	1
WGS865	1
34.35310 N	1
WGS1036	1
WGS1074	1
WGS1207	1
WGS1245	1
WGS1283	1
WGS1416	1
WGS1454	1
WGS1492	1
WGS1625	1
WGS1663	1
WGS1834	1
WGS1872	1
WGS239	3
WGS2699	1
WGS277	2
WGS448	1
WGS486	1
WGS619	1
WGS657	1
WGS695	1
WGS828	1
WGS866	1
magna sirgas	1
WGS1037	1
WGS1075	1
WGS1208	1
WGS1246	1
WGS1284	1
WGS1417	1
WGS1455	1
WGS1493	1
WGS1626	1
WGS1664	1
WGS1835	1
WGS1873	1
WGS2300	1
WGS278	2
WGS449	1
WGS487	1
WGS658	1
WGS696	1
WGS829	1
WGS867	1
WGS1038	1
WGS1076	1
WGS1209	1
WGS1247	1
WGS1285	1
WGS1418	1
WGS1456	1
WGS1494	1
WGS1627	1
WGS1665	1
WGS1836	1
WGS1874	1
WGS2130	1
WGS2301	1
WGS2510	1
WGS279	2
WGS488	1
WGS659	1
WGS697	1
WGS868	1
Withheld	3
WGS1039	1
WGS1077	1
WGS1248	1
WGS1286	1
WGS1419	1
WGS1457	1
WGS1495	1
WGS1628	1
WGS1666	1
WGS1837	1
WGS1875	1
WGS2131	1
WGS2302	1
WGS2340	1
WGS2511	1
WGS2720	1
WGS489	1
WGS698	1
WGS869	1
WGS1078	1
WGS1249	1
WGS1287	1
WGS1458	1
WGS1496	1
WGS1629	1
WGS1667	1
WGS1838	1
WGS1876	1
WGS2132	1
WGS2170	1
WGS2303	1
WGS2341	1
WGS2512	1
WGS2550	1
WGS2721	1
WGS2930	1
WGS699	1
NAD27	27301
WGS1079	1
WGS1288	1
WGS1459	1
WGS1497	1
WGS1668	1
WGS1839	1
WGS1877	1
WGS2133	1
WGS2171	1
WGS2304	1
WGS2342	1
WGS2380	1
WGS2513	1
WGS2551	1
WGS2722	1
WGS2760	1
WGS2931	1
WGS300	2
WGS1289	1
WGS130	3
WGS1498	1
WGS1669	1
WGS1878	1
WGS2134	1
WGS2172	1
WGS2305	1
WGS2343	1
WGS2381	1
WGS2514	1
WGS2552	1
WGS2590	1
WGS2723	1
WGS2761	1
WGS2932	1
WGS2970	1
WGS301	2
WGS510	1
WGS131	3
WGS1499	1
WGS1879	1
WGS2135	1
WGS2173	1
WGS2306	1
WGS2344	1
WGS2382	1
WGS2515	1
WGS2553	1
WGS2591	1
WGS2724	1
WGS2762	1
WGS2933	1
WGS2971	1
WGS302	2
WGS340	1
WGS511	1
WGS720	1
WGS1100	1
WGS132	3
WGS170	3
WGS2136	1
WGS2174	1
WGS2307	1
WGS2345	1
WGS2383	1
WGS2516	1
WGS2554	1
WGS2592	1
WGS2725	1
WGS2763	1
WGS2934	1
WGS2972	1
WGS303	2
WGS341	1
WGS512	1
WGS550	1
WGS721	1
WGS930	1
WGS1101	1
WGS1310	1
WGS133	3
WGS171	3
WGS2137	1
WGS2175	1
WGS2308	1
WGS2346	1
WGS2384	1
WGS2517	1
WGS2555	1
WGS2593	1
WGS2726	1
WGS2764	1
WGS2935	1
WGS2973	1
WGS3020	1
WGS304	1
WGS342	1
WGS380	1
WGS513	1
WGS551	1
WGS722	1
WGS760	1
WGS931	1
WGS1102	1
WGS1140	1
WGS1311	1
WGS134	3
WGS1520	1
WGS172	3
WGS1900	1
WGS2138	1
WGS2176	1
WGS2309	1
WGS2347	1
WGS2385	1
WGS2518	1
WGS2556	1
WGS2594	1
WGS2727	1
WGS2765	1
WGS2936	1
WGS2974	1
WGS3021	1
WGS305	1
WGS343	1
WGS381	1
WGS514	1
WGS552	1
WGS590	1
WGS723	1
WGS761	1
WGS932	1
WGS970	1
WGS1103	1
WGS1141	1
WGS1312	1
WGS135	3
WGS1350	1
WGS1521	1
WGS173	3
WGS1730	1
WGS1901	1
WGS2139	1
WGS2177	1
WGS2348	1
WGS2386	1
WGS2519	1
WGS2557	1
WGS2595	1
WGS2728	1
WGS2766	1
WGS2937	1
WGS2975	1
WGS3022	1
WGS306	1
WGS3060	1
WGS344	1
WGS382	1
WGS515	1
WGS553	1
WGS591	1
WGS724	1
WGS762	1
WGS933	1
WGS971	1
WGS1104	1
WGS1142	1
WGS1180	1
WGS1313	1
WGS1351	1
WGS136	3
WGS1522	1
WGS1560	1
WGS1731	1
WGS174	3
WGS1902	1
WGS1940	1
WGS2178	1
WGS2349	1
WGS2387	1
WGS2558	1
WGS2596	1
WGS2729	1
WGS2767	1
WGS2938	1
WGS2976	1
WGS3023	1
WGS3061	1
WGS307	1
WGS345	1
WGS383	1
WGS516	1
WGS554	1
WGS592	1
WGS725	1
WGS763	1
WGS934	1
WGS972	1
WGS1105	1
WGS1143	1
WGS1181	1
WGS1314	1
WGS1352	1
WGS137	3
WGS1390	1
WGS1523	1
WGS1561	1
WGS1732	1
WGS175	3
WGS1770	1
WGS1903	1
WGS1941	1
WGS2179	1
WGS2388	1
WGS2559	1
WGS2597	1
WGS2768	1
WGS2939	1
WGS2977	1
WGS3024	1
WGS3062	1
WGS308	1
WGS346	1
WGS384	1
WGS517	1
WGS555	1
WGS593	1
WGS726	1
WGS764	1
WGS935	1
WGS973	1
WGS1106	1
WGS1144	1
WGS1182	1
WGS1315	1
WGS1353	1
WGS138	3
WGS1391	1
WGS1524	1
WGS1562	1
WGS1733	1
WGS176	3
WGS1771	1
WGS1904	1
WGS1942	1
WGS1980	1
WGS2389	1
WGS2598	1
WGS2769	1
WGS2978	1
WGS3025	1
WGS3063	1
WGS309	1
WGS347	1
WGS385	1
WGS518	1
WGS556	1
WGS594	1
WGS727	1
WGS765	1
WGS936	1
WGS974	1
WGS1107	1
WGS1145	1
WGS1183	1
WGS1316	1
WGS1354	1
WGS139	3
WGS1392	1
WGS1525	1
WGS1563	1
WGS1734	1
WGS177	3
WGS1772	1
WGS1905	1
WGS1943	1
WGS1981	1
WGS2599	1
WGS2979	1
WGS3026	1
WGS3064	1
WGS348	1
WGS386	1
WGS519	1
WGS557	1
WGS595	1
WGS728	1
WGS766	1
WGS937	1
WGS975	1
WGS1108	1
WGS1146	1
WGS1184	1
WGS1317	1
WGS1355	1
WGS1393	1
WGS1526	1
WGS1564	1
WGS1735	1
WGS1773	1
WGS178	3
WGS1906	1
WGS1944	1
WGS1982	1
WGS2200	1
WGS3027	1
WGS3065	1
WGS349	1
WGS387	1
WGS558	1
WGS596	1
WGS729	1
WGS767	1
WGS938	1
WGS976	1
